service_number,consumer_name,section_office,service_release_date,due_date,category,address,ero,bill_date,date_of_disconnection,reconnection_amount,acd_amount,present_bill_amount,total_amount,Mobile No.,Pincode,Door No.,Street,Location,Circle,Division,Sub Division,Section,all_bills,above_500,above_1000
1164932172002010,ANAPARTHI VENKAYYAMMA,VEPAGUNTA,17-FEB-2016,24-JAN-2025,DOMESTIC (I),7-422/1-BANTA COLONY,GOPALAPATNAM,10-JAN-2025,09-FEB-2025,N/A,N/A,0,0,9866701140,530027,7-422/1,BANTA COLONY,BANTACOLONY,,VISAKHAPATNAM ZONE-3,PENDURTHI,VEPAGUNTA,Yes,No,No
1164932172002011,SIRIKI SATYAVATHI,VEPAGUNTA,17-FEB-2016,25-JAN-2025,DOMESTIC (I),7-465/4-BANTA COLONY,GOPALAPATNAM,11-JAN-2025,10-FEB-2025,0,0,334,334,8418418418,530047,7-465/4,BANTA COLONY,VEPAGUNTA,,VISAKHAPATNAM ZONE-3,PENDURTHI,VEPAGUNTA,Yes,No,No
1164932172002012,MADAKA CHANDRA SEKHAR,VEPAGUNTA,18-FEB-2016,22-JAN-2025,DOMESTIC (I),5-62-SC BC COLONY,GOPALAPATNAM,08-JAN-2025,07-FEB-2025,N/A,N/A,0,0,6106109640,530051,5-62,SC BC COLONY,PADMANABHANAGAR,,VISAKHAPATNAM ZONE-3,PENDURTHI,VEPAGUNTA,Yes,No,No
1164932172002013,SHAIK SAYYAD BEE,VEPAGUNTA,26-FEB-2016,21-JAN-2025,DOMESTIC (I),6-46/5/8-PADMANBAHPURAM,GOPALAPATNAM,07-JAN-2025,06-FEB-2025,N/A,N/A,0,0,9246606030,530029,6-46/5/8,PADMANBAHPURAM,VENAKTAPURAM,,VISAKHAPATNAM ZONE-3,PENDURTHI,VEPAGUNTA,Yes,No,No
1164932172002014,TERUKOTI SRIDHAR,VEPAGUNTA,26-FEB-2016,25-JAN-2025,DOMESTIC (I),7-409-BANTA COLONY,GOPALAPATNAM,11-JAN-2025,10-FEB-2025,0,0,563,563,7386254565,530047,7-409,BANTA COLONY,BANTACOLONY,,VISAKHAPATNAM ZONE-3,PENDURTHI,VEPAGUNTA,Yes,Yes,No
1164932172002015,KAMAPRA SOM BABU,VEPAGUNTA,03-MAR-2016,21-JAN-2025,DOMESTIC (I),8-75/3/1-KAMPARA PALEM COLONY,GOPALAPATNAM,07-JAN-2025,06-FEB-2025,0,0,600,600,6186186186,530029,8-75/3/1,KAMPARA PALEM COLONY,VEPAGUNTA,,VISAKHAPATNAM ZONE-3,PENDURTHI,VEPAGUNTA,Yes,Yes,No
1164932172002016,PAILA GANGA RAJU,VEPAGUNTA,04-MAR-2016,23-JAN-2025,DOMESTIC (I),7-39/5-NANDAMURI NAGAR,GOPALAPATNAM,09-JAN-2025,08-FEB-2025,0,0,507,507,7306396002,530029,7-39/5,NANDAMURI NAGAR,VEPAGUNTA,,VISAKHAPATNAM ZONE-3,PENDURTHI,VEPAGUNTA,Yes,Yes,No
1164932172002018,TAMARLA RANI,VEPAGUNTA,07-MAR-2016,22-JAN-2025,DOMESTIC (I),6-182/1-PADMANABHA NAGAR,GOPALAPATNAM,08-JAN-2025,07-FEB-2025,0,0,491,491,7032490745,530029,6-182/1,PADMANABHA NAGAR,VEPAGUNTA,,VISAKHAPATNAM ZONE-3,PENDURTHI,VEPAGUNTA,Yes,No,No
1164932172002019,GORLE ANNAPURNA,VEPAGUNTA,07-MAR-2016,25-JAN-2025,DOMESTIC (I),7-512-VEPAGUNTA,GOPALAPATNAM,11-JAN-2025,10-FEB-2025,0,0,1245,1245,9505415087,530047,7-512,VEPAGUNTA,BANTACOLONY,,VISAKHAPATNAM ZONE-3,PENDURTHI,VEPAGUNTA,Yes,Yes,Yes
1164932172002020,MOHAMMAD ABDUL LATEF,VEPAGUNTA,07-MAR-2016,23-JAN-2025,DOMESTIC (I),SFNO.52/B-PADMANABHANAGAR,GOPALAPATNAM,09-JAN-2025,08-FEB-2025,0,0,1115,1115,9246663228,530027,SFNO.52/B,PADMANABHANAGAR,VEPAGUNTA,,VISAKHAPATNAM ZONE-3,PENDURTHI,VEPAGUNTA,Yes,Yes,Yes
1164932172002021,VASUPALLI BHASKARA RAO,VEPAGUNTA,14-MAR-2016,22-JAN-2025,DOMESTIC (I),5-58/2/1-PADMANABHANAGAR,GOPALAPATNAM,08-JAN-2025,07-FEB-2025,0,0,2027,2027,9440359701,531147,5-58/2/1,PADMANABHANAGAR,VENKATAPURAM,,VISAKHAPATNAM ZONE-3,PENDURTHI,VEPAGUNTA,Yes,Yes,Yes
1164932172002022,PYLA MEENA KUMARI,VEPAGUNTA,14-MAR-2016,22-JAN-2025,DOMESTIC (I),6-225/3/1-PADMANABHA NAGAR,GOPALAPATNAM,08-JAN-2025,07-FEB-2025,N/A,N/A,0,0,9246646664,530029,6-225/3/1,PADMANABHA NAGAR,VEPAGUNTA,,VISAKHAPATNAM ZONE-3,PENDURTHI,VEPAGUNTA,Yes,No,No
1164932172002023,KAMPARA ATCHANNA,VEPAGUNTA,16-MAR-2016,21-JAN-2025,COMMERCIAL (II),8-51-KAMPARAPALEM COLONY,GOPALAPATNAM,07-JAN-2025,06-FEB-2025,0,0,170,170,9292503107,530029,8-51,KAMPARAPALEM COLONY,VEPAGUNTA,,VISAKHAPATNAM ZONE-3,PENDURTHI,VEPAGUNTA,Yes,No,No
1164932172002024,KANCHIPATI PAIDIRAJU,VEPAGUNTA,16-MAR-2016,21-JAN-2025,DOMESTIC (I),2-110/11-KAMPARA PALEM,GOPALAPATNAM,07-JAN-2025,06-FEB-2025,0,0,383,383,7732075702,530029,2-110/11,KAMPARA PALEM,VEPAGUNTA,,VISAKHAPATNAM ZONE-3,PENDURTHI,VEPAGUNTA,Yes,No,No
