







1164932172002014,TERUKOTI SRIDHAR,VEPAGUNTA,26-FEB-2016,25-JAN-2025,DOMESTIC (I),7-409-BANTA COLONY,GOPALAPATNAM,11-JAN-2025,10-FEB-2025,0,0,563,563,7386254565,530047,7-409,BANTA COLONY,BANTACOLONY,,VISAKHAPATNAM ZONE-3,PENDURTHI,VEPAGUNTA,Yes,Yes,No
1164932172002015,KAMAPRA SOM BABU,VEPAGUNTA,03-MAR-2016,22-FEB-2025,DOMESTIC (I),8-75/3/1-KAMPARA PALEM COLONY,GOPALAPATNAM,08-FEB-2025,10-MAR-2025,0,0,527,527,6186186186,530029,8-75/3/1,KAMPARA PALEM COLONY,VEPAGUNTA,,VISAKHAPATNAM ZONE-3,PENDURTHI,VEPAGUNTA,Yes,Yes,No

